Training_Round,Episode,Ticker,Episode_Reward,Final_Portfolio_Value,Average_Loss,Epsilon,Hold_Count,Buy_Count,Sell_Count,Total_Trades
1,1,BAC,0.009554283088410267,10095.921394348145,0.0001944222077591187,0.995,60,66,60,125
1,2,ABBV,0.01743187462603124,10174.036636352539,5.7978130066561445e-06,0.990025,58,58,70,115
1,3,WMT,0.007574712102114472,10075.936431884766,1.7099302330398527e-06,0.985074875,62,53,71,104
1,4,LLY,0.22608113826635604,12298.977294921875,2.14891606725224e-05,0.9801495006250001,60,65,61,120
1,5,AVGO,0.17491721001937982,11751.999084472656,2.5112511850792266e-05,0.9752487531218751,61,72,53,124
1,6,META,-0.05533808311248887,9307.3076171875,2.979378184542664e-05,0.9703725093562657,70,62,54,110
1,7,TSLA,0.061256387125478824,10601.290237426758,3.100660711899526e-05,0.9655206468094844,61,62,63,123
1,8,AMD,0.07247203802177091,10700.189888000488,2.831869030760185e-05,0.960693043575437,76,56,54,102
1,9,MA,0.013777076805733125,10135.364013671875,2.4711749317604067e-05,0.9558895783575597,64,55,67,108
1,10,JPM,0.0788083204736238,10788.635848999023,2.0115711719127114e-05,0.9511101304657719,59,70,57,121
1,11,MU,0.22171842068119368,12395.971572875977,2.842907238316358e-05,0.946354579813443,67,68,51,116
1,12,V,0.030010605902549677,10275.537109375,2.546305325055034e-05,0.9416228069143757,56,72,58,127
1,13,ORCL,-0.08574823774375824,9166.659896850586,2.6594424594883964e-05,0.9369146928798039,54,55,77,100
1,14,INTC,0.011856787953405909,10118.849838256836,2.064782944081402e-05,0.9322301194154049,63,59,64,116
1,15,GOOG,0.18572081440898924,12006.265365600586,2.2325968539798456e-05,0.9275689688183278,56,73,57,125
1,16,NVDA,0.06394397023900172,10618.285285949707,1.97241590014644e-05,0.9229311239742362,61,77,48,123
1,17,XOM,0.008598931300890348,10084.166519165039,2.6529051648021383e-05,0.918316468354365,62,69,55,117
1,18,MSFT,0.02144696072330274,10215.868530273438,2.0455811534973573e-05,0.9137248860125932,50,58,78,112
1,19,CSCO,0.011744021908597045,10117.631881713867,2.189098266013468e-05,0.9091562615825302,65,62,59,110
1,20,AMZN,0.01465713734343796,10143.010208129883,1.612669789791014e-05,0.9046104802746175,68,63,55,112
2,21,AVGO,0.07194141771478071,10729.514190673828,1.6449056958030585e-05,0.9000874278732445,61,63,62,119
2,22,ABBV,0.012757225791531018,10125.418167114258,1.6852698778127386e-05,0.8955869907338783,47,68,71,120
2,23,MA,0.00943509246963491,10055.465515136719,1.6402926744178885e-05,0.8911090557802088,62,67,57,119
2,24,JPM,0.013017136762502667,10130.344482421875,1.907820778603522e-05,0.8866535105013078,64,53,69,104
2,25,NVDA,0.03754061843341305,10359.155097961426,1.546567453102477e-05,0.8822202429488013,60,69,57,123
2,26,MSFT,0.011558013706033451,10108.236755371094,1.7783721877423617e-05,0.8778091417340573,58,62,66,121
2,27,AMZN,0.02639897981921004,10265.040100097656,1.6540709902588077e-05,0.8734200960253871,58,56,72,107
2,28,ORCL,-0.06706878331087354,9274.963729858398,1.3509634895176823e-05,0.8690529955452602,55,74,57,127
2,29,LLY,0.35971302690212065,14076.823608398438,1.4830593870655044e-05,0.8647077305675338,58,73,55,115
2,30,AMD,0.006477276483272539,10064.14998626709,1.723783145009409e-05,0.8603841919146962,57,46,83,92
2,31,INTC,0.026492505808600044,10264.849746704102,1.744650847720787e-05,0.8560822709551227,61,74,51,124
2,32,GOOG,0.05825860081857059,10597.300079345703,1.5323521893151337e-05,0.851801859600347,60,59,67,118
2,33,MU,0.09243719214593982,10932.538307189941,1.5599205297526762e-05,0.8475428503023453,52,66,68,116
2,34,WMT,0.023107232984137343,10231.89966583252,1.6469378651697512e-05,0.8433051360508336,61,63,62,115
2,35,META,-0.036008175555405766,9572.845458984375,1.781024245602843e-05,0.8390886103705794,68,63,55,107
2,36,CSCO,0.02463443792338915,10247.717506408691,1.551623053602909e-05,0.8348931673187264,64,66,56,112
2,37,XOM,0.005996693391296125,10059.956130981445,1.6733108128866423e-05,0.8307187014821328,59,56,71,110
2,38,V,-0.006398614344388012,9933.71890258789,1.5747172855821616e-05,0.8265651079747222,49,62,75,121
2,39,TSLA,0.14274963439931188,11454.710571289062,1.4508758716186529e-05,0.8224322824348486,66,64,56,111
2,40,BAC,0.016028689796930392,10161.112777709961,1.8720409987005778e-05,0.8183201210226743,73,60,53,110
3,41,CSCO,0.013117645006579496,10131.511375427246,1.7814492534655628e-05,0.8142285204175609,67,64,55,112
3,42,MSFT,0.0008157931246436339,9992.628875732422,1.5708604562260394e-05,0.810157377815473,54,70,62,128
3,43,V,0.009473948961955626,10047.2861328125,2.0506402862615094e-05,0.8061065909263957,81,62,43,102
3,44,NVDA,0.065829325508161,10636.445823669434,1.475231611619436e-05,0.8020760579717637,49,82,55,134
3,45,AMZN,-0.003494573767040359,9962.65023803711,1.4190140256647757e-05,0.798065677681905,59,53,74,95
3,46,MA,-0.014411017455530247,9809.268127441406,1.9345687846037027e-05,0.7940753492934954,61,72,53,116
3,47,ABBV,0.0838312403470422,10837.716690063477,1.6865686412213268e-05,0.7901049725470279,57,80,49,125
3,48,GOOG,0.2130504668916816,12317.256546020508,1.4797658539154849e-05,0.7861544476842928,62,77,47,124
3,49,TSLA,0.054621792714095965,10529.150268554688,1.4447793284449764e-05,0.7822236754458713,65,58,63,103
3,50,AMD,0.14481772222528028,11374.78995513916,1.397278088296979e-05,0.778312557068642,72,67,47,110
3,51,META,0.002168248846755241,9927.801940917969,1.2159807748384596e-05,0.7744209942832988,74,55,57,101
3,52,LLY,0.2087867364957308,11916.587036132812,1.8385148141146117e-05,0.7705488893118823,59,72,55,102
3,53,AVGO,0.1582185423652586,11464.727279663086,2.1702394989283082e-05,0.7666961448653229,68,71,47,116
3,54,MU,0.4627277576516017,15489.035743713379,1.9319142549957565e-05,0.7628626641409962,39,94,53,147
3,55,BAC,0.006715412181254316,10067.324989318848,2.121012354781788e-05,0.7590483508202912,56,63,67,122
3,56,XOM,0.008770761273069668,10085.88656616211,2.4786995215842407e-05,0.7552531090661897,59,75,52,124
3,57,INTC,0.008362113993610249,10083.229782104492,1.934637797919846e-05,0.7514768435208588,74,60,52,101
3,58,JPM,0.12088072296678004,11250.867584228516,2.599920501179827e-05,0.7477194593032545,76,66,44,109
3,59,ORCL,0.11721388755306313,10842.664306640625,2.4943353655939774e-05,0.7439808620067382,63,75,48,123
3,60,WMT,0.003077844882546737,10030.743537902832,2.1089920935876164e-05,0.7402609576967045,53,56,77,110
4,61,GOOG,0.2430835408979001,12685.883346557617,2.1913503805199465e-05,0.736559652908221,62,66,58,109
4,62,ABBV,-0.0004811595027728339,9991.437561035156,3.2315947425965356e-05,0.7328768546436799,65,59,62,99
4,63,INTC,0.03439675078408226,10345.129737854004,2.918706779738663e-05,0.7292124703704616,54,79,53,132
4,64,NVDA,0.008520099199805307,10084.752296447754,2.6827926947280115e-05,0.7255664080186093,71,49,66,96
4,65,JPM,0.0594108578002195,10581.361877441406,2.2382087447271182e-05,0.7219385759785162,74,57,55,94
4,66,AVGO,0.290957629763262,13127.648452758789,2.0805364009844353e-05,0.7183288830986236,85,63,38,101
4,67,ORCL,-0.140930844449758,8288.81819152832,3.796309805614368e-05,0.7147372386831305,75,76,35,111
4,68,LLY,0.31547269960935365,13458.123107910156,3.483948365372155e-05,0.7111635524897149,69,64,53,93
4,69,AMZN,0.03375496263847576,10304.449935913086,2.556397051826618e-05,0.7076077347272662,53,71,62,129
4,70,MU,0.34864111321273383,13967.9068069458,2.7867111258912818e-05,0.7040696960536299,70,69,47,116
4,71,AMD,0.2319783594431422,12344.67984008789,3.143464533897476e-05,0.7005493475733617,58,82,46,128
4,72,BAC,0.007099082683132658,10071.032691955566,3.573873871263981e-05,0.697046600835495,68,59,59,117
4,73,WMT,0.10072006934299044,11029.304801940918,3.471006296066385e-05,0.6935613678313175,46,95,45,139
4,74,TSLA,0.3262951904240388,13557.250717163086,2.7211823161199757e-05,0.6900935609921609,47,83,56,135
4,75,MA,0.061251423517984675,10558.492370605469,2.2769904064815542e-05,0.6866430931872001,50,91,45,106
4,76,V,0.004507645846014942,9977.970092773438,2.964748875185367e-05,0.6832098777212641,66,68,52,98
4,77,XOM,0.006738812653716057,10065.215934753418,2.9405326566357754e-05,0.6797938283326578,65,70,51,115
4,78,META,0.017225856257423462,10032.768615722656,2.6789814649206126e-05,0.6763948591909945,66,68,52,119
4,79,MSFT,0.06295660091539337,10613.692260742188,3.6626835995063985e-05,0.6730128848950395,76,62,48,107
4,80,CSCO,0.012327148511327539,10123.643432617188,2.340701236905861e-05,0.6696478204705644,70,63,53,112
5,81,ABBV,0.05038929456738957,10498.130508422852,2.5190091135933155e-05,0.6662995813682115,55,73,58,123
5,82,WMT,0.06605409813337224,10666.612243652344,3.167713835632349e-05,0.6629680834613705,58,87,41,126
5,83,NVDA,0.06488243726209089,10637.97811126709,2.224591956133815e-05,0.6596532430440636,60,78,48,126
5,84,V,0.01523014980169144,10127.135345458984,2.482352097781296e-05,0.6563549768288433,79,60,47,104
5,85,CSCO,0.05700455757705028,10578.857513427734,2.5348989904317854e-05,0.653073201944699,63,85,38,123
5,86,AVGO,0.23572795592350407,12497.86019897461,2.716906214544074e-05,0.6498078359349755,80,60,46,105
5,87,TSLA,0.22271055681082474,12294.250885009766,2.5065167965690108e-05,0.6465587967553006,39,79,68,134
5,88,INTC,0.01447430163607922,10145.34992980957,2.171819863740003e-05,0.6433260027715241,71,56,59,105
5,89,LLY,0.270951035876225,12696.294616699219,2.7362214021432802e-05,0.6401093727576664,37,101,48,93
5,90,MU,0.28728232319993563,13172.021469116211,2.400821012223729e-05,0.6369088258938781,41,81,64,136
5,91,MSFT,0.1021220765135285,10988.341766357422,2.6376929366486603e-05,0.6337242817644086,35,111,40,102
5,92,META,0.20496001954720244,11899.196899414062,2.671769346094113e-05,0.6305556603555866,45,112,29,71
5,93,BAC,0.00909749197669317,10091.3134765625,3.226323815397336e-05,0.6274028820538087,42,68,76,131
5,94,XOM,0.03656790830981904,10361.428276062012,2.941849795612878e-05,0.6242658676435396,55,81,50,128
5,95,AMZN,0.05512014956632912,10479.280334472656,2.7264455362139575e-05,0.6211445383053219,75,69,42,111
5,96,ORCL,0.08283991323204268,10650.246627807617,2.854297099474934e-05,0.6180388156137953,64,73,49,122
5,97,GOOG,0.26324640700684554,12934.341491699219,2.9425468147050907e-05,0.6149486215357263,60,82,44,123
5,98,JPM,0.19797102676978182,12085.28092956543,2.828218140030971e-05,0.6118738784280476,60,94,32,102
5,99,MA,0.02991674297819641,10253.630615234375,3.352834710312891e-05,0.6088145090359074,84,60,42,94
5,100,AMD,0.14492954385890938,11476.459739685059,2.7393821371933495e-05,0.6057704364907278,62,69,55,124
6,101,XOM,0.04420239614255821,10434.97380065918,3.3946860402584605e-05,0.6027415843082742,61,88,37,120
6,102,ABBV,0.13249766747417285,11319.529388427734,2.9785135550210203e-05,0.5997278763867329,80,80,26,98
6,103,ORCL,-0.059813763395429646,9272.44873046875,2.6302697961000376e-05,0.5967292370047992,61,70,55,113
6,104,META,0.01052429620939338,9915.81591796875,2.5725884892806865e-05,0.5937455908197752,59,84,43,99
6,105,WMT,0.06887388218606878,10697.447227478027,2.8253620415774133e-05,0.5907768628656763,58,86,42,127
6,106,INTC,0.025946385898246035,10259.38971710205,3.295134952845438e-05,0.5878229785513479,78,63,45,106
6,107,CSCO,0.07723482868788001,10787.205032348633,3.0344277112580247e-05,0.5848838636585911,55,95,36,130
6,108,GOOG,0.435679592145895,15248.50698852539,2.583874713812467e-05,0.5819594443402982,51,99,36,121
6,109,BAC,0.0053377848873645255,10053.35051727295,3.27877840232838e-05,0.5790496471185967,78,53,55,86
6,110,AMZN,0.11211133933838771,10996.990432739258,2.7301861598274665e-05,0.5761543988830038,82,78,26,100
6,111,MSFT,0.131232271625722,11302.614868164062,2.8415284819145555e-05,0.5732736268885887,75,74,37,97
6,112,AVGO,0.39381629718517114,14117.9697265625,4.1929749134764514e-05,0.5704072587541458,42,113,31,103
6,113,NVDA,0.1474218665364201,11401.094276428223,2.7464663795082902e-05,0.567555222460375,52,96,38,125
6,114,JPM,0.1832823271920139,11915.059265136719,3.392280531772214e-05,0.5647174463480732,67,79,40,115
6,115,MA,0.06120034011726301,10517.356140136719,2.6780953812308525e-05,0.5618938591163328,45,105,36,90
6,116,AMD,0.4042076363058577,14119.389755249023,2.902925115585218e-05,0.5590843898207511,46,102,38,138
6,117,MU,0.49301379050207395,15894.912780761719,2.856583029389857e-05,0.5562889678716474,40,89,57,134
6,118,LLY,0.16618447018949759,11664.560302734375,3.8856982892537687e-05,0.5535075230322891,56,76,54,107
6,119,V,0.030670526518581803,10215.848541259766,3.277544882344639e-05,0.5507399854171277,90,67,29,82
6,120,TSLA,0.4742311942913032,15464.170959472656,3.639606649735373e-05,0.547986285490042,52,85,49,127
7,121,XOM,0.046393345022547536,10453.324516296387,2.6448637863327548e-05,0.5452463540625918,25,109,52,144
7,122,V,0.021889627871878016,10124.381286621094,3.5743972070934996e-05,0.5425201222922789,47,101,38,105
7,123,MSFT,0.05662964280648078,10496.23178100586,3.7736062791815996e-05,0.5398075216808175,49,101,36,91
7,124,ABBV,0.12595896896240405,11236.998413085938,3.299914140448078e-05,0.5371084840724134,48,95,43,135
7,125,GOOG,0.47101523711426735,15772.634017944336,3.502536472534184e-05,0.5344229416520513,45,106,35,119
7,126,INTC,0.006621597825532441,10065.289817810059,3.2392635864411246e-05,0.531750826943791,66,63,57,104
7,127,JPM,0.12381754740299983,11251.862258911133,3.378368082058328e-05,0.5290920728090721,63,80,43,121
7,128,WMT,0.06258336058266037,10633.742851257324,4.035879366246592e-05,0.5264466124450268,75,81,30,111
7,129,AMD,0.10787465244891355,10991.629821777344,3.556255727665342e-05,0.5238143793828016,61,76,49,120
7,130,MA,0.012129533375816993,10061.077270507812,3.332198483552388e-05,0.5211953074858876,80,66,40,94
7,131,META,0.18017832990214958,11598.79443359375,3.161162986425156e-05,0.5185893309484582,103,60,23,63
7,132,ORCL,0.15674839170556443,10550.827545166016,3.651537904357959e-05,0.5159963842937159,30,111,45,143
7,133,MU,0.5155880131649333,16269.032981872559,2.6922200721974544e-05,0.5134164023722473,40,98,48,146
7,134,CSCO,0.0747485633247123,10762.159004211426,3.721890804646388e-05,0.510849320360386,74,79,33,112
7,135,LLY,0.33615413182963877,13618.749633789062,4.0589584940512985e-05,0.5082950737585841,74,71,41,94
7,136,TSLA,0.34772788564349744,13658.570709228516,4.027394535366143e-05,0.5057535983897912,103,52,31,79
7,137,AVGO,0.41450348548711374,14400.069793701172,4.1981441328338725e-05,0.5032248303978422,45,103,38,111
7,138,AMZN,0.12469482918021593,11089.760513305664,4.843247798101189e-05,0.500708706245853,52,97,37,120
7,139,BAC,0.023838290267490417,10239.377571105957,4.6296785552365925e-05,0.4982051627146237,47,73,66,123
7,140,NVDA,0.0973305861071127,10965.9730758667,3.708559088795966e-05,0.49571413690105054,65,79,42,119
8,141,INTC,0.0015494229001637495,10015.199821472168,3.971554190723944e-05,0.4932355662165453,85,44,57,72
8,142,ABBV,0.11649421474545105,11146.017974853516,3.393620240689067e-05,0.4907693883854626,70,84,32,114
8,143,BAC,0.02013387932748264,10201.676750183105,4.161821334491833e-05,0.4883155414435353,43,85,58,119
8,144,V,0.02166558642786493,10210.072052001953,4.2828994508531744e-05,0.4858739637363176,65,67,54,119
8,145,MSFT,0.20157673031315151,12104.91470336914,3.710251281597226e-05,0.483444593917636,68,94,24,73
8,146,AMZN,0.08791719981238509,10893.360000610352,3.8561939405515154e-05,0.4810273709480478,59,68,59,127
8,147,JPM,0.17583589448491538,11838.177124023438,3.710322752063487e-05,0.47862223409330756,81,70,35,105
8,148,WMT,0.042319883151973346,10423.000465393066,4.0474680858135394e-05,0.47622912292284103,31,79,76,134
8,149,META,-0.028085926280205738,9544.057800292969,4.165239970857131e-05,0.4738479773082268,80,61,45,102
8,150,MA,-0.005441778081163404,9892.294189453125,4.5834193421816306e-05,0.47147873742168567,75,67,44,95
8,151,CSCO,0.03255855067919485,10327.851989746094,4.3944902561475907e-05,0.46912134373457726,54,70,62,113
8,152,NVDA,0.027750239777827004,10246.412269592285,4.3048784971959204e-05,0.46677573701590436,66,71,49,108
8,153,AMD,0.23107554692860363,12217.689804077148,4.652420946750562e-05,0.46444185833082485,64,80,42,122
8,154,TSLA,0.32837622195148164,13483.180648803711,5.655133504370361e-05,0.46211964903917074,53,82,51,125
8,155,ORCL,-0.0786317847942927,8746.180755615234,4.3560171730939104e-05,0.4598090507939749,40,75,71,119
8,156,MU,0.4888756498469813,15749.879592895508,5.2692656433290276e-05,0.457510005540005,64,91,31,115
8,157,LLY,0.3182367417300313,13294.985717773438,4.101040851468418e-05,0.45522245551230495,44,108,34,80
8,158,XOM,0.06188937118385788,10598.825561523438,4.080711603316384e-05,0.4529463432347434,45,109,32,141
8,159,AVGO,0.13913391651483495,11213.642883300781,5.44676514318385e-05,0.4506816115185697,71,76,39,111
8,160,GOOG,0.5253079767765282,16654.25929260254,4.447324761016755e-05,0.4484282034609769,35,95,56,151
9,161,INTC,0.001162215692690721,10011.619934082031,5.292719523545795e-05,0.446186062443672,59,31,96,59
9,162,XOM,0.03658301562386047,10356.958282470703,4.724275551896116e-05,0.4439551321314536,67,87,32,116
9,163,ORCL,-0.02520537599421359,9003.414978027344,3.835608039599206e-05,0.4417353564707963,54,102,30,107
9,164,JPM,0.2219072721798727,12370.83935546875,6.19515490627159e-05,0.43952667968844233,81,76,29,92
9,165,V,-0.011624206634141248,9786.174072265625,4.733779998945386e-05,0.43732904629000013,65,86,35,86
9,166,META,-0.0051496355365008946,9836.426208496094,4.6300312862242326e-05,0.4351424010585501,57,73,56,118
9,167,MU,0.7265557654138575,19816.757164001465,6.638785789223418e-05,0.43296668905325736,58,92,36,128
9,168,GOOG,0.453084943329963,15552.805236816406,4.718851217129416e-05,0.43080185560799106,29,96,61,157
9,169,BAC,0.021434052660493648,10215.716857910156,4.326692958230801e-05,0.4286478463299511,51,81,54,118
9,170,ABBV,0.1368646471647522,11411.871765136719,4.969535917127282e-05,0.42650460709830135,59,82,45,127
9,171,MSFT,0.18419052137632808,11913.20278930664,4.335172216878677e-05,0.42437208406280985,80,67,39,99
9,172,NVDA,0.04396854469445567,10376.619606018066,4.439711152526991e-05,0.4222502236424958,41,80,65,142
9,173,CSCO,0.050251632559864694,10507.769844055176,4.461983854011835e-05,0.42013897252428334,34,95,57,139
9,174,WMT,0.06522285666100312,10661.262634277344,5.386329303291859e-05,0.4180382776616619,72,72,42,113
9,175,MA,0.12969321035194512,11303.829406738281,4.15135704829679e-05,0.4159480862733536,51,77,58,128
9,176,LLY,0.31485746549531546,13236.30126953125,4.001101655027943e-05,0.41386834584198684,47,79,60,130
9,177,AMZN,0.08239539087431941,10814.960235595703,4.928584651323668e-05,0.4117990041127769,83,61,42,102
9,178,TSLA,0.5158086871768375,16180.470779418945,6.331582385718455e-05,0.40974000909221303,43,86,57,143
9,179,AMD,0.194539415215495,11803.889663696289,4.096201912587908e-05,0.40769130904675194,58,79,49,119
9,180,AVGO,0.34806901870527046,13827.822677612305,6.105159422502843e-05,0.40565285250151817,23,92,71,163
10,181,JPM,0.14688366083658308,11497.943649291992,5.352742743486053e-05,0.4036245882390106,74,83,29,92
10,182,MU,0.41565412030173116,14908.661071777344,4.062522731011144e-05,0.4016064652978155,68,75,43,118
10,183,TSLA,0.3973890193083069,14243.620071411133,4.89859007955048e-05,0.3995984329713264,71,71,44,115
10,184,MSFT,0.17649102268465452,11834.84603881836,7.219192624727433e-05,0.3976004408064698,34,94,58,137
10,185,AVGO,0.35368554038982686,13658.312301635742,4.934268720361338e-05,0.39561243860243744,71,77,38,108
10,186,AMD,0.45192395812673036,14742.36971282959,4.305557500784028e-05,0.3936343764094253,36,101,49,146
10,187,XOM,0.028673137761767987,10282.255676269531,4.664995982317993e-05,0.39166620452737816,94,63,29,89
10,188,NVDA,0.15271992102952175,11471.72834777832,4.771346055426972e-05,0.3897078735047413,36,90,60,142
10,189,ORCL,0.003156978901630282,9952.503967285156,5.17148417439666e-05,0.3877593341372176,74,63,49,108
10,190,META,0.057502053155388214,10442.276245117188,5.445863030701653e-05,0.3858205374665315,92,52,42,91
10,191,INTC,0.001936852448340131,10017.619834899902,5.1317339373623405e-05,0.38389143477919885,59,62,65,99
10,192,V,0.025303598956311978,10230.03775024414,5.365119877171039e-05,0.3819719776053028,84,58,44,93
10,193,GOOG,0.28080386325883083,13177.971542358398,5.8111920620633654e-05,0.3800621177172763,26,82,78,160
10,194,WMT,0.062106417714472194,10627.263748168945,6.340150247659892e-05,0.37816180712868996,75,79,32,107
10,195,BAC,0.07805452148625008,10800.631736755371,5.382211356450368e-05,0.37627099809304654,43,121,22,143
10,196,MA,0.07668586710836349,10665.369079589844,4.922880179947242e-05,0.3743896431025813,60,92,34,81
10,197,CSCO,0.02070088894950868,10206.91217803955,4.294031635293757e-05,0.37251769488706843,58,67,61,92
10,198,LLY,0.2536298460717203,12405.267395019531,5.7671228476349226e-05,0.3706551064126331,55,71,60,105
10,199,AMZN,0.09137233372878548,10784.940368652344,5.622273400386684e-05,0.36880183088056995,67,83,36,117
10,200,ABBV,0.06084428395283965,10587.26937866211,4.759181788261791e-05,0.3669578217261671,72,66,48,114
